2016년 05월 19일,182
2016년 09월 16일,181
2016년 07월 08일,181
2016년 03월 30일,177
2016년 12월 24일,176
2016년 07월 01일,175
2017년 03월 04일,174
2017년 07월 07일,174
2017년 12월 03일,172
2016년 08월 24일,172
2017년 10월 14일,172
2016년 04월 06일,171
2017년 02월 08일,171
2016년 04월 02일,171
2016년 06월 14일,171
2016년 07월 30일,170
2017년 07월 18일,169
2017년 02월 21일,169
2016년 12월 20일,169
2017년 03월 15일,169
2016년 10월 12일,169
2017년 08월 28일,168
2016년 02월 25일,168
2016년 01월 30일,168
2017년 10월 21일,168
2016년 05월 28일,168
2017년 03월 02일,167
2017년 06월 09일,167
2016년 11월 17일,167
2016년 12월 10일,167
2016년 11월 08일,167
2016년 06월 17일,166
2017년 12월 16일,166
2017년 08월 01일,166
2017년 11월 20일,166
2017년 12월 21일,166
2017년 10월 05일,166
2017년 09월 13일,166
2017년 01월 18일,165
2016년 10월 02일,165
2016년 07월 02일,165
2016년 06월 05일,165
2016년 01월 12일,165
2017년 11월 06일,165
2016년 11월 06일,165
2016년 06월 15일,164
2017년 04월 25일,164
2016년 12월 23일,164
2017년 11월 23일,164
2016년 03월 14일,164
2016년 02월 20일,163
2017년 01월 15일,163
2017년 01월 11일,163
2016년 02월 24일,163
2017년 05월 11일,163
2016년 07월 16일,163
2016년 12월 31일,163
2016년 07월 23일,163
2016년 04월 10일,163
2017년 11월 13일,163
2016년 10월 30일,163
2017년 03월 30일,163
2016년 06월 26일,163
2017년 08월 09일,162
2016년 11월 24일,162
2016년 09월 12일,162
2017년 08월 27일,162
2017년 06월 13일,162
2017년 09월 07일,162
2017년 04월 20일,162
2017년 12월 15일,162
2016년 09월 08일,162
2016년 09월 03일,161
2017년 11월 08일,161
2017년 09월 24일,161
2016년 05월 08일,161
2016년 07월 11일,161
2017년 12월 02일,161
2017년 06월 17일,161
2017년 10월 16일,161
2017년 06월 04일,161
2017년 11월 22일,161
2016년 01월 29일,161
2016년 07월 10일,161
2016년 12월 18일,161
2017년 11월 02일,161
2016년 04월 11일,161
2016년 09월 05일,161
2017년 02월 16일,160
2016년 02월 03일,160
2016년 11월 19일,160
2016년 04월 22일,160
2016년 12월 05일,160
2017년 08월 25일,160
2017년 02월 18일,160
2016년 02월 11일,160
2016년 11월 11일,160
2016년 10월 04일,160
2017년 02월 13일,160
2017년 08월 05일,160
2016년 07월 26일,160
2017년 06월 21일,160
2016년 06월 10일,159
2017년 04월 11일,159
2017년 05월 07일,159
2017년 05월 25일,159
2016년 09월 15일,159
2016년 02월 13일,159
2017년 03월 18일,159
2017년 08월 04일,159
2017년 07월 20일,159
2017년 01월 06일,159
2017년 04월 05일,159
2016년 06월 20일,159
2017년 10월 07일,158
2017년 10월 12일,158
2017년 07월 27일,158
2016년 02월 04일,158
2016년 02월 26일,158
2017년 06월 18일,158
2016년 07월 06일,158
2016년 06월 29일,158
2016년 04월 29일,158
2016년 08월 19일,158
2016년 11월 02일,158
2016년 04월 16일,158
2016년 08월 21일,158
2016년 08월 11일,158
2016년 12월 02일,158
2016년 01월 16일,157
2016년 09월 23일,157
2016년 09월 07일,157
2017년 06월 01일,157
2017년 11월 28일,157
2016년 10월 14일,157
2017년 01월 07일,157
2017년 08월 29일,157
2016년 04월 09일,157
2016년 11월 23일,157
2017년 12월 22일,157
2017년 08월 17일,157
2017년 01월 23일,157
2016년 05월 31일,156
2017년 10월 09일,156
2017년 08월 30일,156
2017년 10월 22일,156
2016년 06월 22일,156
2017년 07월 12일,156
2016년 07월 17일,156
2017년 11월 01일,156
2017년 01월 19일,156
2016년 04월 26일,156
2017년 01월 20일,156
2017년 07월 10일,156
2016년 06월 18일,156
2016년 10월 09일,156
2016년 05월 14일,155
2016년 08월 13일,155
2017년 07월 29일,155
2017년 07월 19일,155
2016년 07월 12일,155
2017년 08월 15일,155
2016년 05월 03일,155
2016년 04월 25일,155
2016년 05월 30일,155
2017년 10월 28일,155
2016년 02월 27일,155
2017년 06월 15일,155
2017년 08월 02일,155
2016년 03월 21일,155
2016년 01월 27일,155
2017년 01월 24일,155
2017년 04월 30일,155
2017년 10월 31일,155
2017년 03월 20일,155
2016년 11월 26일,155
2017년 06월 27일,155
2017년 09월 23일,155
2016년 10월 11일,155
2016년 01월 09일,155
2017년 03월 22일,155
2016년 10월 23일,155
2017년 03월 11일,155
2017년 12월 14일,155
2017년 01월 25일,155
2016년 03월 04일,155
2017년 09월 30일,154
2016년 08월 01일,154
2016년 12월 28일,154
2017년 01월 04일,154
2016년 09월 19일,154
2017년 06월 11일,154
2016년 08월 28일,154
2016년 02월 02일,154
2016년 01월 17일,154
2016년 10월 27일,154
2016년 10월 15일,154
2017년 09월 04일,154
2016년 11월 30일,154
2017년 12월 05일,154
2016년 08월 04일,154
2016년 09월 13일,153
2017년 04월 22일,153
2016년 09월 01일,153
2016년 09월 29일,153
2017년 05월 19일,153
2016년 01월 08일,153
2017년 12월 25일,153
2016년 06월 28일,153
2016년 10월 21일,153
2017년 12월 01일,153
2017년 06월 08일,153
2016년 02월 06일,153
2016년 04월 07일,153
2017년 04월 19일,153
2017년 05월 03일,153
2017년 08월 20일,153
2016년 04월 24일,153
2017년 04월 04일,153
2017년 12월 06일,153
2017년 05월 10일,152
2017년 01월 13일,152
2017년 05월 13일,152
2016년 06월 21일,152
2017년 03월 03일,152
2017년 12월 26일,152
2016년 06월 06일,152
2017년 09월 20일,152
2017년 02월 22일,152
2016년 12월 29일,152
2017년 07월 02일,152
2016년 09월 22일,152
2016년 09월 14일,152
2017년 07월 23일,152
2017년 09월 12일,152
2017년 08월 13일,152
2016년 08월 15일,152
2017년 02월 25일,152
2016년 09월 21일,152
2016년 09월 10일,152
2016년 05월 20일,152
2016년 05월 01일,151
2016년 12월 03일,151
2016년 05월 16일,151
2016년 12월 15일,151
2016년 02월 19일,151
2017년 06월 23일,151
2016년 01월 26일,151
2017년 05월 14일,151
2017년 04월 21일,151
2016년 07월 04일,151
2016년 12월 26일,151
2017년 04월 01일,151
2017년 11월 04일,151
2017년 02월 20일,151
2016년 11월 09일,151
2017년 03월 05일,151
2016년 07월 27일,151
2016년 05월 26일,151
2017년 08월 11일,151
2016년 05월 21일,151
2017년 12월 11일,151
2017년 03월 27일,150
2016년 04월 28일,150
2016년 12월 19일,150
2017년 01월 02일,150
2017년 12월 28일,150
2017년 05월 02일,150
2016년 10월 26일,150
2017년 09월 09일,150
2017년 07월 13일,150
2017년 03월 14일,150
2016년 12월 11일,150
2017년 09월 18일,150
2016년 08월 20일,150
2017년 02월 01일,150
2016년 05월 13일,150
2017년 08월 19일,150
2017년 09월 15일,150
2017년 12월 12일,150
2017년 02월 26일,150
2016년 05월 23일,150
2016년 03월 20일,150
2017년 10월 01일,150
2016년 12월 21일,149
2016년 03월 11일,149
2017년 04월 24일,149
2016년 09월 02일,149
2016년 06월 02일,149
2017년 04월 18일,149
2016년 11월 15일,149
2017년 11월 24일,149
2016년 06월 23일,149
2016년 05월 22일,149
2016년 10월 01일,149
2017년 11월 12일,149
2017년 06월 25일,149
2016년 08월 31일,149
2017년 10월 26일,149
2017년 06월 03일,149
2017년 11월 25일,149
2017년 04월 02일,149
2017년 11월 18일,149
2016년 07월 29일,149
2017년 12월 13일,149
2016년 06월 27일,148
2017년 07월 06일,148
2016년 03월 02일,148
2017년 12월 29일,148
2016년 03월 17일,148
2017년 03월 01일,148
2016년 05월 02일,148
2017년 07월 30일,148
2017년 11월 27일,148
2017년 03월 21일,148
2016년 08월 17일,148
2016년 07월 31일,148
2016년 04월 15일,148
2016년 05월 12일,148
2017년 09월 17일,148
2016년 09월 27일,148
2016년 09월 30일,148
2017년 04월 15일,148
2016년 11월 21일,148
2017년 05월 17일,148
2017년 01월 16일,148
2017년 06월 22일,148
2017년 05월 30일,148
2017년 03월 29일,147
2016년 11월 13일,147
2017년 01월 27일,147
2016년 12월 30일,147
2016년 05월 27일,147
2017년 08월 06일,147
2016년 03월 03일,147
2016년 08월 12일,147
2016년 03월 24일,147
2017년 01월 22일,147
2016년 03월 08일,147
2017년 05월 09일,147
2016년 08월 05일,147
2017년 09월 21일,147
2017년 06월 29일,147
2017년 06월 06일,147
2017년 01월 03일,147
2017년 06월 20일,147
2017년 11월 29일,147
2016년 09월 28일,147
2016년 03월 05일,146
2017년 06월 05일,146
2017년 06월 14일,146
2017년 12월 30일,146
2016년 10월 03일,146
2016년 05월 04일,146
2017년 04월 26일,146
2016년 11월 03일,146
2017년 12월 09일,146
2016년 04월 17일,146
2017년 12월 27일,146
2016년 09월 18일,146
2016년 03월 22일,146
2017년 08월 10일,146
2016년 01월 07일,146
2017년 07월 21일,146
2017년 07월 17일,146
2016년 04월 30일,146
2017년 05월 29일,146
2017년 05월 31일,145
2016년 07월 15일,145
2017년 03월 16일,145
2017년 05월 01일,145
2017년 11월 19일,145
2016년 10월 10일,145
2017년 03월 24일,145
2017년 01월 31일,145
2016년 04월 05일,145
2017년 01월 05일,145
2016년 12월 13일,145
2016년 09월 11일,145
2017년 03월 06일,145
2017년 12월 08일,145
2017년 03월 12일,145
2017년 04월 29일,145
2017년 01월 09일,145
2017년 10월 02일,145
2016년 03월 16일,145
2017년 05월 12일,145
2017년 12월 24일,145
2017년 01월 01일,145
2017년 06월 16일,145
2016년 02월 21일,145
2016년 10월 18일,144
2017년 02월 14일,144
2017년 07월 28일,144
2017년 10월 04일,144
2017년 07월 05일,144
2016년 12월 22일,144
2016년 07월 28일,144
2017년 08월 14일,144
2017년 04월 23일,144
2016년 01월 23일,144
2017년 08월 26일,144
2016년 12월 01일,144
2017년 04월 27일,144
2016년 02월 05일,144
2017년 07월 25일,144
2016년 06월 07일,144
2016년 11월 25일,144
2016년 01월 18일,144
2016년 01월 15일,144
2016년 04월 20일,144
2017년 12월 17일,144
2017년 02월 03일,144
2016년 11월 29일,144
2016년 08월 16일,144
2016년 11월 12일,143
2016년 03월 27일,143
2017년 04월 13일,143
2017년 09월 22일,143
2016년 10월 31일,143
2017년 12월 19일,143
2017년 08월 22일,143
2016년 03월 06일,143
2017년 05월 22일,143
2016년 08월 18일,143
2016년 02월 18일,143
2016년 11월 14일,143
2016년 09월 09일,143
2016년 05월 17일,143
2016년 10월 16일,143
2017년 04월 28일,142
2017년 05월 20일,142
2017년 09월 11일,142
2016년 05월 05일,142
2016년 08월 30일,142
2017년 02월 05일,142
2016년 01월 25일,142
2016년 11월 22일,142
2016년 08월 06일,142
2016년 01월 01일,142
2016년 04월 18일,142
2016년 02월 07일,142
2017년 01월 26일,142
2016년 05월 11일,142
2017년 10월 08일,142
2017년 12월 10일,142
2016년 04월 12일,142
2016년 05월 18일,142
2016년 07월 24일,142
2016년 02월 23일,142
2017년 03월 13일,142
2017년 01월 28일,142
2016년 09월 06일,142
2016년 01월 13일,141
2016년 05월 29일,141
2016년 06월 13일,141
2017년 02월 02일,141
2017년 01월 30일,141
2017년 09월 16일,141
2017년 02월 19일,141
2017년 04월 10일,141
2017년 03월 10일,141
2016년 03월 28일,141
2017년 12월 31일,141
2017년 08월 12일,141
2016년 08월 09일,141
2016년 08월 10일,141
2016년 12월 16일,141
2017년 10월 27일,141
2016년 11월 05일,141
2016년 02월 16일,141
2016년 03월 07일,141
2016년 03월 26일,141
2016년 05월 09일,141
2017년 07월 22일,141
2017년 09월 02일,141
2016년 02월 28일,141
2017년 05월 28일,141
2016년 02월 09일,141
2017년 07월 26일,141
2017년 09월 01일,141
2016년 05월 15일,141
2016년 05월 24일,141
2016년 08월 02일,141
2016년 02월 08일,141
2017년 09월 27일,141
2016년 09월 20일,141
2017년 02월 06일,140
2016년 07월 03일,140
2017년 07월 01일,140
2016년 04월 27일,140
2017년 04월 08일,140
2017년 10월 23일,140
2016년 06월 01일,140
2016년 07월 19일,140
2016년 10월 19일,140
2017년 05월 21일,140
2016년 04월 14일,140
2016년 08월 25일,140
2017년 05월 15일,140
2017년 10월 19일,140
2017년 02월 04일,140
2017년 09월 19일,140
2017년 05월 18일,140
2017년 04월 09일,140
2017년 04월 14일,140
2017년 02월 15일,140
2017년 02월 23일,140
2016년 10월 20일,140
2016년 08월 14일,140
2016년 02월 29일,140
2016년 11월 28일,140
2017년 10월 24일,140
2017년 08월 18일,140
2016년 11월 01일,140
2016년 08월 23일,140
2016년 10월 07일,140
2017년 03월 09일,139
2016년 09월 04일,139
2016년 03월 18일,139
2017년 11월 17일,139
2016년 06월 19일,139
2016년 05월 06일,139
2017년 02월 07일,139
2016년 12월 25일,139
2017년 10월 17일,139
2017년 01월 17일,139
2016년 03월 23일,139
2016년 10월 22일,139
2016년 04월 04일,139
2016년 04월 03일,139
2017년 02월 27일,139
2016년 12월 14일,139
2016년 06월 09일,139
2016년 07월 21일,139
2017년 11월 14일,139
2016년 10월 17일,139
2016년 09월 24일,139
2017년 03월 08일,138
2016년 06월 11일,138
2017년 02월 09일,138
2016년 03월 29일,138
2016년 01월 19일,138
2017년 08월 31일,138
2016년 11월 10일,138
2016년 08월 03일,138
2017년 05월 06일,138
2017년 12월 18일,138
2016년 04월 21일,138
2017년 05월 08일,138
2017년 05월 26일,138
2017년 01월 08일,138
2017년 10월 03일,138
2016년 09월 17일,138
2016년 08월 26일,138
2016년 12월 12일,138
2017년 05월 04일,138
2017년 02월 24일,138
2017년 10월 13일,138
2016년 05월 10일,138
2016년 12월 06일,137
2017년 04월 17일,137
2017년 07월 15일,137
2017년 03월 25일,137
2017년 08월 08일,137
2016년 10월 24일,137
2016년 11월 04일,137
2016년 07월 14일,137
2016년 11월 20일,137
2016년 02월 10일,137
2016년 01월 05일,137
2016년 12월 08일,137
2016년 10월 29일,137
2016년 03월 15일,137
2017년 02월 28일,137
2017년 09월 26일,137
2017년 01월 10일,137
2017년 06월 02일,137
2016년 11월 27일,137
2017년 03월 28일,137
2017년 11월 09일,137
2017년 09월 03일,136
2017년 04월 16일,136
2017년 04월 06일,136
2016년 03월 10일,136
2017년 11월 26일,136
2016년 08월 22일,136
2016년 10월 05일,136
2017년 07월 31일,136
2016년 06월 30일,136
2017년 11월 21일,136
2016년 02월 17일,136
2017년 10월 20일,136
2016년 01월 31일,136
2017년 05월 24일,136
2016년 05월 25일,136
2017년 12월 07일,136
2017년 08월 21일,136
2017년 06월 30일,136
2016년 07월 09일,136
2016년 01월 24일,136
2017년 08월 16일,136
2016년 04월 08일,135
2017년 09월 29일,135
2016년 03월 01일,135
2016년 01월 03일,135
2016년 10월 13일,135
2016년 10월 28일,135
2016년 07월 25일,135
2016년 03월 31일,135
2016년 02월 14일,135
2017년 12월 20일,135
2016년 01월 14일,135
2016년 01월 02일,135
2016년 07월 20일,135
2017년 10월 06일,134
2016년 01월 06일,134
2016년 01월 28일,134
2017년 03월 07일,134
2017년 03월 17일,134
2017년 07월 16일,134
2016년 03월 19일,134
2016년 07월 07일,134
2017년 11월 10일,134
2017년 08월 24일,134
2016년 11월 16일,134
2017년 03월 23일,134
2016년 11월 18일,134
2016년 08월 27일,134
2017년 12월 04일,134
2016년 04월 01일,133
2017년 06월 07일,133
2017년 11월 30일,133
2017년 10월 29일,133
2017년 01월 29일,133
2016년 06월 04일,133
2016년 01월 22일,133
2017년 02월 12일,133
2017년 10월 15일,133
2017년 06월 19일,133
2016년 08월 29일,133
2017년 05월 27일,133
2017년 11월 11일,133
2017년 03월 31일,133
2016년 05월 07일,132
2016년 09월 25일,132
2016년 01월 04일,132
2017년 06월 26일,132
2017년 10월 11일,132
2017년 05월 23일,132
2017년 04월 12일,132
2017년 09월 06일,132
2017년 02월 10일,132
2016년 12월 07일,132
2017년 11월 03일,132
2017년 11월 05일,132
2017년 11월 16일,131
2017년 07월 09일,131
2017년 12월 23일,131
2017년 09월 14일,131
2016년 02월 12일,131
2017년 06월 10일,131
2017년 03월 26일,131
2017년 10월 25일,131
2017년 07월 11일,131
2016년 04월 13일,131
2017년 07월 14일,131
2017년 06월 24일,131
2017년 09월 10일,131
2017년 02월 17일,131
2017년 07월 08일,130
2017년 06월 28일,130
2016년 04월 23일,130
2016년 10월 06일,130
2017년 05월 16일,130
2016년 07월 18일,130
2017년 08월 23일,129
2016년 06월 16일,129
2017년 04월 07일,129
2016년 01월 20일,129
2016년 06월 08일,129
2017년 02월 11일,129
2016년 06월 24일,129
2017년 01월 12일,129
2016년 02월 22일,129
2016년 09월 26일,129
2017년 05월 05일,128
2017년 01월 21일,128
2016년 07월 13일,128
2016년 07월 05일,128
2016년 12월 17일,128
2017년 09월 28일,128
2016년 10월 25일,128
2017년 03월 19일,128
2016년 03월 25일,128
2017년 08월 03일,128
2016년 01월 11일,127
2017년 10월 18일,127
2016년 03월 13일,127
2016년 02월 01일,127
2016년 12월 09일,127
2016년 03월 09일,127
2016년 03월 12일,126
2016년 06월 12일,126
2016년 08월 08일,126
2017년 11월 07일,126
2017년 09월 08일,126
2016년 07월 22일,126
2017년 07월 03일,126
2016년 01월 21일,126
2016년 06월 03일,126
2017년 09월 25일,125
2016년 02월 15일,125
2016년 12월 04일,124
2017년 10월 30일,123
2016년 04월 19일,123
2017년 09월 05일,122
2017년 07월 24일,122
2017년 06월 12일,122
2016년 08월 07일,122
2016년 06월 25일,121
2016년 12월 27일,120
2017년 04월 03일,120
2017년 08월 07일,120
2016년 10월 08일,119
2017년 10월 10일,118
2016년 01월 10일,118
2017년 07월 04일,117
2017년 01월 14일,117
2016년 11월 07일,111
2017년 11월 15일,110
